Workbook

Sheet Исходные данные
A1: Наименование показателя | B1: D, м | C1: H,м | D1: n | E1: L, м | F1: Масса, т | G1: % | H1: Масса, т | L1: данные, которые вводим самостоятельно
A2: Количество коз-у в комплекте | D2: 1
A3: Высота стенки КОЗ-У-Ш | C3: 0.017
A4: Нижнее опорное кольцо | B4: 0.015
A5: Верхнее наружное кольцо | B5: 0.019
A6: Верхнее внутреннее кольцо | B6: =B5-1.4 -> -1.381
A7: Сетка "Манье"
A8: Тросы горизонтальные | D8: =ROUND(((C3-2.5)/1),0)-1 -> -3
A9: Тросы вертикальные | D9: =ROUND((B5/0.5),0)*2-15 -> -15 | E9: =B5+(C3-2.5)*2 -> -4.947
A10: Общая масса конструкции по модели | F10: 15.2
A11: Монтаж нижнего опорного кольца и конструкций антисдвига СК-2 | G11: 9.07 | H11: =F10*0.0907 -> 1.37864
A12: Монтаж стоек (ног) и креплений | G12: 60.82 | H12: =F10*0.6082 -> 9.24464
A13: Устройство промежуточных колец и креплений | G13: 12.07 | H13: =F10*0.1207 -> 1.83464
A14: Монтаж внутреннего и внешнего верхних наружных колец и раскосов | G14: 14.87 | H14: =F10*0.1487 -> 2.26024
A15: Устройство распорного кольца и упоров | G15: 3.17 | H15: =F10*0.0317 -> 0.48184
A16: Болты | D16: =12796.03*H16 -> 13673.326 | G16: 7.03 | H16: =F10*0.0703 -> 1.06856
A17: Зажим | D17: =D9*2 -> -30
A18: Система сброса | D18: =ROUND(((B5*3.14)/2),0) -> 0
A19: Кол-во контуров заземления | D19: 1
A20: Длина луча заземления | E20: 50

Sheet ВОР без габиона
A1: Перечень рабочих операций и объемы работ к калькуляции затрат строительных ресурсов
A2: Устройство защитной конструкции РВС-1000 КОЗ-У-Ш, 1 шт.
A3: № п/п | B3: Перечень рабочих операций | C3: Ед. изм. | D3: Подсчет объемов работ | G3: Ссылка на номера чертежей, ГОСТов и примечания
D4: Кол-во на 1 КОЗ-У-Ш | E4: Кол-во на комплект | F4: Формула подсчета
A5: 1 | B5: 2 | C5: 3 | D5: 4 | E5: 5 | F5: 6 | G5: 7
A6: Раздел 1. Подготовительные работы
A7: 1 | B7: Установка наружных инвентарных лесов | C7: 100 м2 | D7: =(3.14*('Исходные данные'!B4/2+'Исходные данные'!B5/2)*'Исходные данные'!C3)*1.5/100 -> 1.36119e-05 | E7: =D7*'Исходные данные'!D2 -> 1.36119e-05 | F7: Площадь вертикальной проекции на фасад конструкции Sбок = π(R1+R2)хH | G7: ГЭСН 08-07-001-02
B8: Материалы:
B9: Детали деревянные лесов из пиломатериалов хвойных пород | C9: м3 | D9: =0.009*D7 -> 1.225071e-07 | E9: =D9*'Исходные данные'!D2 -> 1.225071e-07
B10: Детали стальных трубчатых лесов, укомплектованные пробками, крючками и хомутами, окрашенные | C10: т | D10: =0.035*D7 -> 4.764165e-07 | E10: =D10*'Исходные данные'!D2 -> 4.764165e-07
B11: Щиты настила | C11: м2 | D11: =3.4*D7 -> 4.628046e-05 | E11: =D11*'Исходные данные'!D2 -> 4.628046e-05
B12: Машины и механизмы:
B13: Автомобили бортовые, грузоподъемность до 5 т
A14: Раздел 2. Устройство подготовки под конструкцию
A15: 1 | B15: Укладка резиновых прокладок толщиной: 30 мм | C15: 100 м2 площади прокладок | D15: =1.2/100 -> 0.012 | E15: =D15*'Исходные данные'!D2 -> 0.012 | F15: Sпрокладок = n х S | G15: ГЭСН 07-01-060-01
B16: Материалы:
B17: Прокладки резиновые (пластина техническая прессованная) | C17: шт. | D17: 20 | E17: =D17*'Исходные данные'!D2 -> 20
B18: Машины и механизмы:
B19: Автомобили бортовые, грузоподъемность до 5 т
A20: 2 | B20: Укладка металлических пластин | C20: 1 т конструкций | D20: =9.42/1000 -> 0.00942 | E20: =D20*'Исходные данные'!D2 -> 0.00942 | F20: Sпластин = n х S | G20: ГЭСН 09-03-001-01
B21: Материалы:
B22: Пластины металлические, толщиной 10 мм, длиной 300 мм, шириной 200 мм | C22: шт. | D22: 20 | E22: =D22*'Исходные данные'!D2 -> 20
B23: Машины и механизмы:
B24: Автомобили бортовые, грузоподъемность до 5 т
A25: 3 | B25: Установка стабилизатора гашения ветровой и ударной нагрузки на фундамент | C25: 1 т металлической констррукции | D25: =1.8*7.85/1000 -> 0.01413 | E25: =D25*'Исходные данные'!$D$2 -> 0.01413
B26: Материалы:
B27: Конструкции стальные | C27: 1 т | D27: =D25 -> 0.01413 | E27: =E25 -> 0.01413
B28: Машины и механизмы:
B29: Краны на автомобильном ходу при работе на других видах строительства 10 т
B30: Подъемники гидравлические высотой подъема 20 м
B31: Автомобили бортовые, грузоподъемность до 5 т
B32: Лебедки тракторные тяговым усилием 2,5 т
A33: Раздел 3. Монтаж металлоконструкций КОЗ - У - Ш
A34: 1 | B34: Монтаж нижнего опорного кольца и конструкций опоры в составе антисдвига 4-го типа | C34: 1 т металлической констррукции | D34: ='Исходные данные'!H11 -> 1.37864 | E34: =D34*'Исходные данные'!$D$2 -> 1.37864 | F34: M = n х m, где n - количество элементов, m - масса элемента
B35: Материалы:
B36: Конструкции стальные | C36: 1 т | D36: =D34 -> 1.37864 | E36: =D36*'Исходные данные'!$D$2 -> 1.37864
B37: Машины и механизмы:
B38: Краны на автомобильном ходу при работе на других видах строительства 10 т
B39: Подъемники гидравлические высотой подъема 20 м
B40: Автомобили бортовые, грузоподъемность до 5 т
B41: Лебедки тракторные тяговым усилием 2,5 т
A42: 2 | B42: Монтаж стоек (ног) и креплений | C42: 1 т металлической констррукции | D42: ='Исходные данные'!H12 -> 9.24464 | E42: =D42*'Исходные данные'!$D$2 -> 9.24464
B43: Материалы:
B44: Конструкции стальные | C44: 1 т | D44: =D42 -> 9.24464 | E44: =D44*'Исходные данные'!$D$2 -> 9.24464
B45: Машины и механизмы:
B46: Краны на автомобильном ходу при работе на других видах строительства 10 т
B47: Подъемники гидравлические высотой подъема 20 м
B48: Автомобили бортовые, грузоподъемность до 5 т
B49: Лебедки тракторные тяговым усилием 2,5 т
A50: 3 | B50: Устройство промежуточных колец и креплений | C50: 1 т металлической констррукции | D50: ='Исходные данные'!H13 -> 1.83464 | E50: =D50*'Исходные данные'!$D$2 -> 1.83464
B51: Материалы:
B52: Конструкции стальные | C52: 1 т | D52: =D50 -> 1.83464 | E52: =D52*'Исходные данные'!$D$2 -> 1.83464
B53: Машины и механизмы:
B54: Краны на автомобильном ходу при работе на других видах строительства 10 т
B55: Подъемники гидравлические высотой подъема 20 м
B56: Автомобили бортовые, грузоподъемность до 5 т
B57: Лебедки тракторные тяговым усилием 2,5 т
A58: 4 | B58: Монтаж внутреннего и внешнего верхних наружных колец и раскосов | C58: 1 т металлической констррукции | D58: ='Исходные данные'!H14 -> 2.26024 | E58: =D58*'Исходные данные'!$D$2 -> 2.26024
B59: Материалы:
B60: Конструкции стальные | C60: 1 т | D60: =D58 -> 2.26024 | E60: =D60*'Исходные данные'!$D$2 -> 2.26024
B61: Машины и механизмы:
B62: Краны на автомобильном ходу при работе на других видах строительства 10 т
B63: Подъемники гидравлические высотой подъема 20 м
B64: Автомобили бортовые, грузоподъемность до 5 т
B65: Лебедки тракторные тяговым усилием 2,5 т
A66: 5 | B66: Устройство распорного кольца и упоров | C66: 1 т металлической констррукции | D66: ='Исходные данные'!H15 -> 0.48184 | E66: =D66*'Исходные данные'!$D$2 -> 0.48184
B67: Материалы:
B68: Конструкции стальные | C68: 1 т | D68: =D66 -> 0.48184 | E68: =D68*'Исходные данные'!$D$2 -> 0.48184
B69: Машины и механизмы:
B70: Краны на автомобильном ходу при работе на других видах строительства 10 т
B71: Подъемники гидравлические высотой подъема 20 м
B72: Автомобили бортовые, грузоподъемность до 5 т
B73: Лебедки тракторные тяговым усилием 2,5 т
A74: 6 | B74: Постановка болтов: строительных с гайками и шайбами | C74: 100 шт. болтов | D74: ='Исходные данные'!D16/100 -> 136.73326 | E74: =D74*'Исходные данные'!$D$2 -> 136.73326 | F74: M = n х m, где n - количество элементов, m - масса элемента | G74: ГЭСН 09-05-003-01
B75: Материалы:
B76: Болты с гайками и шайбами строительные | C76: т | D76: ='Исходные данные'!H16 -> 1.06856 | E76: =D76*'Исходные данные'!$D$2 -> 1.06856
B77: Машины и механизмы:
B78: Автомобили бортовые, грузоподъемность до 5 т
A79: Общая масса металлоконструкций | C79: 1 т металлической констррукции | D79: =D34+D42+D50+D58+D66 -> 15.2 | E79: =D79*'Исходные данные'!$D$2 -> 15.2
A80: Общая масса крепежных элементов | C80: т | D80: =D76 -> 1.06856 | E80: =D80*'Исходные данные'!$D$2 -> 1.06856
A81: Общая масса | C81: т | D81: =D79+D80 -> 16.26856 | E81: =D81*'Исходные данные'!$D$2 -> 16.26856
A82: Раздел 4. Устройство системы тросов
A83: 1 | B83: Устройство пластин крепления стабилизаторов энергии КУ | C83: 1 т металлической констррукции | D83: =(0.42*'Исходные данные'!D17)/1000 -> -0.0126 | E83: =D83*'Исходные данные'!$D$2 -> -0.0126 | F83: M = n х m, где n - количество элементов, m - масса элемента
B84: Материалы:
B85: Конструкции стальные | C85: 1 т | D85: =D83 -> -0.0126 | E85: =D85*'Исходные данные'!$D$2 -> -0.0126
B86: Машины и механизмы:
B87: Краны на автомобильном ходу при работе на других видах строительства 10 т
B88: Подъемники гидравлические высотой подъема 20 м
B89: Автомобили бортовые, грузоподъемность до 5 т
B90: Лебедки тракторные тяговым усилием 2,5 т
A91: 2 | B91: Установка стабилизаторов энергии КУ | C91: шт. | D91: ='Исходные данные'!D17 -> -30 | E91: =D91*'Исходные данные'!$D$2 -> -30
B92: Материалы:
B93: Стабилизатор энергии КУ | C93: шт. | D93: =D91 -> -30 | E93: =D93*'Исходные данные'!$D$2 -> -30
B94: Машины и механизмы:
B95: Краны на автомобильном ходу при работе на других видах строительства 10 т
B96: Подъемники гидравлические высотой подъема 20 м
B97: Автомобили бортовые, грузоподъемность до 5 т
B98: Лебедки тракторные тяговым усилием 2,5 т
A99: 3 | B99: Установка тросов горизонтальных | C99: 100 м | D99: =(D101*3.14*'Исходные данные'!B5)/100 -> -0.0017898 | E99: =D99*'Исходные данные'!$D$2 -> -0.0017898
B100: Материалы:
...

Sheet ВОР с габионом
A1: Перечень рабочих операций и объемы работ к калькуляции затрат строительных ресурсов
A2: Устройство защитной конструкции РВС-1000 КОЗ-У-Ш, 1 шт.
A3: № п/п | B3: Перечень рабочих операций | C3: Ед. изм. | D3: Подсчет объемов работ | G3: Ссылка на номера чертежей, ГОСТов и примечания
D4: Кол-во на 1 КОЗ-У-Ш | E4: Кол-во на комплект | F4: Формула подсчета
A5: 1 | B5: 2 | C5: 3 | D5: 4 | E5: 5 | F5: 6 | G5: 7
A6: Раздел 1. Подготовительные работы
A7: 1 | B7: Установка наружных инвентарных лесов | C7: 100 м2 | D7: =(3.14*('Исходные данные'!B4/2+'Исходные данные'!B5/2)*'Исходные данные'!C3)*1.5/100 -> 1.36119e-05 | E7: =D7*'Исходные данные'!D2 -> 1.36119e-05 | F7: Площадь вертикальной проекции на фасад конструкции Sбок = π(R1+R2)хH | G7: ГЭСН 08-07-001-02
B8: Материалы:
B9: Детали деревянные лесов из пиломатериалов хвойных пород | C9: м3 | D9: =0.009*D7 -> 1.225071e-07 | E9: =D9*'Исходные данные'!D2 -> 1.225071e-07
B10: Детали стальных трубчатых лесов, укомплектованные пробками, крючками и хомутами, окрашенные | C10: т | D10: =0.035*D7 -> 4.764165e-07 | E10: =D10*'Исходные данные'!D2 -> 4.764165e-07
B11: Щиты настила | C11: м2 | D11: =3.4*D7 -> 4.628046e-05 | E11: =D11*'Исходные данные'!D2 -> 4.628046e-05
B12: Машины и механизмы:
B13: Автомобили бортовые, грузоподъемность до 5 т
A14: Раздел 2. Земляные работы
A15: 1 | B15: Разработка грунта с погрузкой на автомобили-самосвалы экскаваторами с ковшом вместимостью: 2,5 (1,5-3) м3, группа грунтов 1 * | C15: 1000 м3 | D15: =(3.14*((('Исходные данные'!B4+2)/2)^2-(('Исходные данные'!B4-2)/2)^2))*1/1000 -> 9.42e-05 | E15: =D15*'Исходные данные'!D2 -> 9.42e-05 | F15: S = πх(R^2-r^2), V = S х h | G15: ГЭСН 01-01-012-01
B16: Машины и механизмы:
B17: Экскаваторы одноковшовые электрические на гусеничном ходу при работе на других видах строительства 2,5 м3
B18: Бульдозеры при работе на других видах строительства 79 кВт (108 л.с.)
B19: Материалы:
B20: Щебень | C20: м3 | D20: =0.02*D15 -> 1.884e-06 | E20: =D20*'Исходные данные'!D2 -> 1.884e-06
A21: 2 | B21: Снятие растительного слоя с перемещением до 10 м бульдозерами мощностью: 96 кВт (130 л.с.), группа грунтов 1* | C21: 1000 м3 | D21: =(3.14*((('Исходные данные'!B4+2)/2)^2-(('Исходные данные'!B4-2)/2)^2))*0.15/1000 -> 1.413e-05 | E21: =D21*'Исходные данные'!D2 -> 1.413e-05 | F21: Sсрез = πх(R^2-r^2), Vсрез = Sсрез х hраст.слоя. | G21: ГЭСН 01-01-031-01
B22: Машины и механизмы:
B23: Бульдозеры при работе на других видах строительства 96 кВт (130 л.с.)
A24: 3 | B24: Вывоз грунта со строительной площадки* | C24: 1000 м3 | D24: =D21+D15 -> 0.00010833 | E24: =D24*'Исходные данные'!D2 -> 0.00010833 | G24: ТСН-2001.15-1
B25: Машины и механизмы:
B26: Автомобили бортовые, грузоподъемность до 5 т
A27: 4 | B27: Устройство основания под фундаменты: песчаного* | C27: 1 м3 основания | D27: =(3.14*((('Исходные данные'!B4+1)/2)^2-(('Исходные данные'!B4-1)/2)^2))*0.2 -> 0.00942 | E27: =D27*'Исходные данные'!D2 -> 0.00942 | F27: Sпес. = πх(R^2-r^2), Vпес. = Sпес. х hпес. | G27: ГЭСН 08-01-002-01
B28: Материалы:
B29: Песок для строительных работ природный | C29: м3 | D29: =D27*1.2 -> 0.011304 | E29: =D29*'Исходные данные'!D2 -> 0.011304
B30: Вода | C30: м3 | D30: =D27*0.15 -> 0.001413 | E30: =D30*'Исходные данные'!D2 -> 0.001413
B31: Машины и механизмы:
B32: Погрузчики одноковшовые универсальные фронтальные пневмоколесные 3 т
B33: Компрессоры передвижные с двигателем внутреннего сгорания давлением до 686 кПа (7 ат), производительность 2,2 м3/мин
B34: Трамбовки пневматические при работе от передвижных компрессорных станций
A35: 5 | B35: Уплотнение вибротрамбовкой* | C35: 100 м3 | D35: =D27/100 -> 9.42e-05 | E35: =D35*'Исходные данные'!D2 -> 9.42e-05 | F35: S = πх(R^2-r^2), V = S х h | G35: ГЭСН 01-02-014-01
B36: Машины и механизмы:
B37: Вибротрамбовки бензиновые, мощность до 4 кВт
A38: 6 | B38: Устройство прослойки из негорючего геотекстиля* | C38: 1000 м2 | D38: =(3.14*((('Исходные данные'!B4+1)/2)^2-(('Исходные данные'!B4-2)/2)^1))/1000 -> 0.0039251766 | E38: =D38*'Исходные данные'!D2 -> 0.0039251766 | F38: S = πх(R^2-r^2) | G38: ГЭСН 27-04-016-04
B39: Материалы:
B40: Поковки из квадратных заготовок, масса 1,8 кг | C40: т | D40: =0.00013*D38 -> 5.1027296e-07 | E40: =D40*'Исходные данные'!D2 -> 5.1027296e-07
B41: Негорючий геотекстиль | C41: 10 м2 | D41: =D38*100 -> 0.39251766 | E41: =D41*'Исходные данные'!D2 -> 0.39251766
B42: Машины и механизмы:
B43: Бульдозеры при работе на других видах строительства 79 кВт (108 л.с.)
B44: Катки на пневмоколесном ходу 16 т
B45: Автомобили бортовые, грузоподъемность до 5 т
A46: 7 | B46: Устройство основания под фундаменты: щебеночного* | C46: 1 м3 основания | D46: =(3.14*((('Исходные данные'!B4+2)/2)^2-(('Исходные данные'!B4-2)/2)^2))*0.1 -> 0.00942 | E46: =D46*'Исходные данные'!D2 -> 0.00942 | F46: S = πх(R^2-r^2), V = S х h | G46: ГЭСН 08-01-002-02
B47: Материалы:
B48: Щебень | C48: м3 | D48: =D46*1.3 -> 0.012246 | E48: =D48*'Исходные данные'!D2 -> 0.012246
B49: Вода | C49: м3 | D49: =D46*0.15 -> 0.001413 | E49: =D49*'Исходные данные'!D2 -> 0.001413
B50: Машины и механизмы:
B51: Погрузчики одноковшовые универсальные фронтальные пневмоколесные 3 т
B52: Компрессоры передвижные с двигателем внутреннего сгорания давлением до 686 кПа (7 ат), производительность 2,2 м3/мин
B53: Трамбовки пневматические при работе от передвижных компрессорных станций
A54: 8 | B54: Уплотнение вибротрамбовкой* | C54: 100 м3 | D54: =D46/100 -> 9.42e-05 | E54: =D54*'Исходные данные'!D2 -> 9.42e-05 | F54: S = πх(R^2-r^2), V = S х h | G54: ГЭСН 01-02-014-01
B55: Машины и механизмы:
B56: Вибротрамбовки бензиновые, мощность до 4 кВт
A57: Раздел 3. Устройство габионного фундамента коробчатого типа
A58: 1 | B58: Устройство фундамента из коробчатых габионов | C58: 10 м3 габионных конструкций | D58: =(3.14*((('Исходные данные'!B4+1)/2)^2-(('Исходные данные'!B4-1)/2)^2))*0.5/10 -> 0.002355 | E58: =D58*'Исходные данные'!D2 -> 0.002355 | F58: Объем фундамента V = HхBхL | G58: ГЭСН 30-08-047-01
B59: Материалы:
B60: Негорючий геотекстиль | C60: 10 м2 | D60: =2.5*D58 -> 0.0058875 | E60: =D60*'Исходные данные'!$D$2 -> 0.0058875
B61: Проволока стальная низкоуглеродистая разного назначения оцинкованная диаметром 2,2 мм | C61: т | D61: =0.0115*D58 -> 2.70825e-05 | E61: =D61*'Исходные данные'!$D$2 -> 2.70825e-05
B62: Конструкции габионные из оцинкованной сетки из проволоки диаметром 2,7 мм двойного кручения с шестигранными ячейками, размером 8х10 мм | C62: т | D62: =0.095*D58 -> 0.000223725 | E62: =D62*'Исходные данные'!$D$2 -> 0.000223725
B63: Щебень, фракция 90-150 мм | C63: м3 | D63: =D58*10.5 -> 0.0247275 | E63: =D63*'Исходные данные'!$D$2 -> 0.0247275
B64: Трос КОЗ-У-Т для обвязки габионов | C64: м | D64: =3.14*('Исходные данные'!B4+1)*2.11 -> 6.724781 | E64: =D64*'Исходные данные'!$D$2 -> 6.724781
B65: Машины и механизмы:
B66: Краны на автомобильном ходу при работе на других видах строительства 10 т
B67: Автопогрузчики 5 т
B68: Компрессоры передвижные с двигателем внутреннего сгорания давлением до 686 кПа(7 ат), производительность 5 м3/мин
B69: Экскаваторы одноковшовые дизельные на гусеничном ходу при работе на других видах строительства 0,5 м3
B70: Трамбовки пневматические при работе от передвижных компрессорных станций
B71: Автомобили бортовые, грузоподъемность до 5 т
B72: Автомобиль-самосвал, грузоподъемность до 10 т
A73: Раздел 4. Монтаж металлоконструкций КОЗ - У - Ш
A74: 1 | B74: Монтаж нижнего опорного кольца и конструкций опоры в составе антисдвига 4-го типа | C74: 1 т металлической констррукции | D74: ='Исходные данные'!H11 -> 1.37864 | E74: =D74*'Исходные данные'!$D$2 -> 1.37864 | F74: M = n х m, где n - количество элементов, m - масса элемента
B75: Материалы:
B76: Конструкции стальные | C76: 1 т | D76: =D74 -> 1.37864 | E76: =D76*'Исходные данные'!$D$2 -> 1.37864
B77: Машины и механизмы:
B78: Краны на автомобильном ходу при работе на других видах строительства 10 т
B79: Подъемники гидравлические высотой подъема 20 м
B80: Автомобили бортовые, грузоподъемность до 5 т
B81: Лебедки тракторные тяговым усилием 2,5 т
A82: 2 | B82: Монтаж стоек (ног) и креплений | C82: 1 т металлической констррукции | D82: ='Исходные данные'!H12 -> 9.24464 | E82: =D82*'Исходные данные'!$D$2 -> 9.24464
B83: Материалы:
B84: Конструкции стальные | C84: 1 т | D84: =D82 -> 9.24464 | E84: =D84*'Исходные данные'!$D$2 -> 9.24464
B85: Машины и механизмы:
B86: Краны на автомобильном ходу при работе на других видах строительства 10 т
B87: Подъемники гидравлические высотой подъема 20 м
B88: Автомобили бортовые, грузоподъемность до 5 т
B89: Лебедки тракторные тяговым усилием 2,5 т
A90: 3 | B90: Устройство промежуточных колец и креплений | C90: 1 т металлической констррукции | D90: ='Исходные данные'!H13 -> 1.83464 | E90: =D90*'Исходные данные'!$D$2 -> 1.83464
B91: Материалы:
B92: Конструкции стальные | C92: 1 т | D92: =D90 -> 1.83464 | E92: =D92*'Исходные данные'!$D$2 -> 1.83464
B93: Машины и механизмы:
B94: Краны на автомобильном ходу при работе на других видах строительства 10 т
B95: Подъемники гидравлические высотой подъема 20 м
B96: Автомобили бортовые, грузоподъемность до 5 т
B97: Лебедки тракторные тяговым усилием 2,5 т
A98: 4 | B98: Монтаж внутреннего и внешнего верхних наружных колец и раскосов | C98: 1 т металлической констррукции | D98: ='Исходные данные'!H14 -> 2.26024 | E98: =D98*'Исходные данные'!$D$2 -> 2.26024
B99: Материалы:
B100: Конструкции стальные | C100: 1 т | D100: =D98 -> 2.26024 | E100: =D100*'Исходные данные'!$D$2 -> 2.26024
...
